"Tarih","Toplam Test Sayısı","Toplam Vaka Sayısı","Toplam Vefat Sayısı","Hastalarda Zatürre Oranı (%)","Ağır Hasta Sayısı","Toplam İyileşen Hasta Sayısı","Bugünkü Vaka Sayısı","Bugünkü Hasta Sayısı","Bugünkü Test Sayısı","Bugünkü Vefat Sayısı","Bugünkü İyileşen Sayısı"
"   23 NİSAN 2021  "," 45.342.795 "," 4.550.820 "," 37.672 "," 2,9 "," 3.475 "," 3.970.111 "," 49.438 "," 3.089 "," 302.091 "," 343 "," 60.176 "
"   22 NİSAN 2021  "," 45.040.704 "," 4.501.382 "," 37.329 "," 2,9 "," 3.463 "," 3.909.935 "," 54.791 "," 3.128 "," 312.109 "," 354 "," 65.593 "
"   21 NİSAN 2021  "," 44.728.595 "," 4.446.591 "," 36.975 "," 2,9 "," 3.398 "," 3.844.342 "," 61.967 "," 2.932 "," 318.839 "," 362 "," 52.213 "
"   20 NİSAN 2021  "," 44.409.756 "," 4.384.624 "," 36.613 "," 2,9 "," 3.375 "," 3.792.129 "," 61.028 "," 2.895 "," 322.128 "," 346 "," 55.592 "
"   19 NİSAN 2021  "," 44.087.628 "," 4.323.596 "," 36.267 "," 2,9 "," 3.319 "," 3.736.537 "," 55.149 "," 2.862 "," 318.869 "," 341 "," 48.947 "
"   18 NİSAN 2021  "," 43.768.759 "," 4.268.447 "," 35.926 "," 3,3 "," 3.275 "," 3.687.590 "," 55.802 "," 3.101 "," 301.243 "," 318 "," 43.856 "
"   17 NİSAN 2021  "," 43.467.516 "," 4.212.645 "," 35.608 "," 3,3 "," 3.240 "," 3.643.734 "," 62.606 "," 2.973 "," 319.316 "," 288 "," 52.184 "
"   16 NİSAN 2021  "," 43.148.200 "," 4.150.039 "," 35.320 "," 3,3 "," 3.205 "," 3.591.550 "," 63.082 "," 2.915 "," 320.078 "," 289 "," 56.510 "
"   15 NİSAN 2021  "," 42.828.122 "," 4.086.957 "," 35.031 "," 3,3 "," 3.080 "," 3.535.040 "," 61.400 "," 2.845 "," 318.217 "," 297 "," 54.894 "
"   14 NİSAN 2021  "," 42.509.905 "," 4.025.557 "," 34.734 "," 3,3 "," 3.018 "," 3.480.146 "," 62.797 "," 2.802 "," 310.420 "," 279 "," 55.413 "
"   13 NİSAN 2021  "," 42.199.485 "," 3.962.760 "," 34.455 "," 3,3 "," 2.951 "," 3.424.733 "," 59.187 "," 2.723 "," 306.563 "," 273 "," 52.104 "
"   12 NİSAN 2021  "," 41.892.922 "," 3.903.573 "," 34.182 "," 3,3 "," 2.891 "," 3.372.629 "," 54.562 "," 2.671 "," 301.068 "," 243 "," 41.218 "
"   11 NİSAN 2021  "," 41.591.854 "," 3.849.011 "," 33.939 "," 3,1 "," 2.824 "," 3.331.411 "," 50.678 "," 2.548 "," 294.274 "," 237 "," 30.194 "
"   10 NİSAN 2021  "," 41.297.580 "," 3.798.333 "," 33.702 "," 3,1 "," 2.739 "," 3.301.217 "," 52.676 "," 2.497 "," 302.735 "," 248 "," 32.539 "
"   9 NİSAN 2021  "," 40.994.845 "," 3.745.657 "," 33.454 "," 3,1 "," 2.658 "," 3.268.678 "," 55.791 "," 2.408 "," 305.103 "," 253 "," 35.786 "
"   8 NİSAN 2021  "," 40.689.742 "," 3.689.866 "," 33.201 "," 3,1 "," 2.615 "," 3.232.892 "," 55.941 "," 2.316 "," 304.492 "," 258 "," 37.914 "
"   7 NİSAN 2021  "," 40.385.250 "," 3.633.925 "," 32.943 "," 3,1 "," 2.604 "," 3.194.978 "," 54.740 "," 2.203 "," 302.108 "," 276 "," 35.503 "
"   6 NİSAN 2021  "," 40.083.142 "," 3.579.185 "," 32.667 "," 3,1 "," 2.477 "," 3.159.475 "," 49.584 "," 2.003 "," 271.547 "," 211 "," 28.498 "
"   5 NİSAN 2021  "," 39.811.595 "," 3.529.601 "," 32.456 "," 3,1 "," 2.407 "," 3.130.977 "," 42.551 "," 1.706 "," 245.496 "," 193 "," 25.627 "
"   4 NİSAN 2021  "," 39.566.099 "," 3.487.050 "," 32.263 "," 3,6 "," 2.311 "," 3.105.350 "," 41.998 "," 1.508 "," 246.210 "," 185 "," 22.674 "
"   3 NİSAN 2021  "," 39.319.889 "," 3.445.052 "," 32.078 "," 3,6 "," 2.231 "," 3.082.676 "," 44.756 "," 1.483 "," 249.126 "," 186 "," 23.214 "
"   2 NİSAN 2021  "," 39.070.763 "," 3.400.296 "," 31.892 "," 3,6 "," 2.182 "," 3.059.462 "," 42.308 "," 1.471 "," 248.968 "," 179 "," 24.419 "
"   1 NİSAN 2021  "," 38.821.795 "," 3.357.988 "," 31.713 "," 3,6 "," 2.135 "," 3.035.043 "," 40.806 "," 1.424 "," 243.738 "," 176 "," 20.817 "
"   31 MART 2021  "," 38.578.057 "," 3.317.182 "," 31.537 "," 3,6 "," 2.082 "," 3.014.226 "," 39.302 "," 1.401 "," 240.012 "," 152 "," 19.193 "
"   30 MART 2021  "," 38.338.045 "," 3.277.880 "," 31.385 "," 3,6 "," 2.054 "," 2.995.033 "," 37.303 "," 1.376 "," 235.298 "," 155 "," 19.925 "
"   29 MART 2021  "," 38.102.747 "," 3.240.577 "," 31.230 "," 3,6 "," 1.998 "," 2.975.108 "," 32.404 "," 1.325 "," 225.511 "," 154 "," 18.015 "
"   28 MART 2021  "," 37.877.236 "," 3.208.173 "," 31.076 "," 4,2 "," 1.968 "," 2.957.093 "," 29.058 "," 1.305 "," 220.109 "," 153 "," 17.164 "
"   27 MART 2021  "," 37.657.127 "," 3.179.115 "," 30.923 "," 4,2 "," 1.886 "," 2.939.929 "," 30.021 "," 1.281 "," 223.214 "," 151 "," 18.892 "
"   26 MART 2021  "," 37.433.913 "," 3.149.094 "," 30.772 "," 4,2 "," 1.810 "," 2.921.037 "," 29.081 "," 1.253 "," 220.985 "," 153 "," 20.208 "
"   25 MART 2021  "," 37.212.928 "," 3.120.013 "," 30.619 "," 4,2 "," 1.790 "," 2.900.829 "," 28.731 "," 1.210 "," 222.753 "," 157 "," 19.186 "
"   24 MART 2021  "," 36.990.175 "," 3.091.282 "," 30.462 "," 4,2 "," 1.720 "," 2.881.643 "," 29.762 "," 1.142 "," 221.738 "," 146 "," 17.761 "
"   23 MART 2021  "," 36.768.437 "," 3.061.520 "," 30.316 "," 4,2 "," 1.710 "," 2.863.882 "," 26.182 "," 1.006 "," 211.848 "," 138 "," 19.201 "
"   22 MART 2021  "," 36.556.589 "," 3.035.338 "," 30.178 "," 4,2 "," 1.644 "," 2.844.681 "," 22.216 "," 981 "," 201.215 "," 117 "," 19.494 "
"   21 MART 2021  "," 36.355.374 "," 3.013.122 "," 30.061 "," 3,2 "," 1.568 "," 2.825.187 "," 20.428 "," 965 "," 189.906 "," 102 "," 17.615 "
"   20 MART 2021  "," 36.165.468 "," 2.992.694 "," 29.959 "," 3,2 "," 1.538 "," 2.807.572 "," 21.061 "," 958 "," 190.129 "," 95 "," 18.815 "
"   19 MART 2021  "," 35.975.339 "," 2.971.633 "," 29.864 "," 3,2 "," 1.547 "," 2.788.757 "," 21.030 "," 934 "," 187.859 "," 87 "," 18.119 "
"   18 MART 2021  "," 35.787.480 "," 2.950.603 "," 29.777 "," 3,2 "," 1.503 "," 2.770.638 "," 20.049 "," 902 "," 184.452 "," 81 "," 18.615 "
"   17 MART 2021  "," 35.603.028 "," 2.930.554 "," 29.696 "," 3,2 "," 1.484 "," 2.752.023 "," 18.912 "," 869 "," 167.526 "," 73 "," 17.161 "
"   16 MART 2021  "," 35.435.502 "," 2.911.642 "," 29.623 "," 3,2 "," 1.474 "," 2.734.862 "," 16.749 "," 874 "," 158.386 "," 71 "," 17.893 "
"   15 MART 2021  "," 35.277.116 "," 2.894.893 "," 29.552 "," 3,2 "," 1.425 "," 2.716.969 "," 15.503 "," 858 "," 151.113 "," 63 "," 15.893 "
"   14 MART 2021  "," 35.126.003 "," 2.879.390 "," 29.489 "," 3,8 "," 1.392 "," 2.701.076 "," 13.378 "," 852 "," 132.425 "," 68 "," 15.516 "
"   13 MART 2021  "," 34.993.578 "," 2.866.012 "," 29.421 "," 3,8 "," 1.350 "," 2.685.560 "," 15.082 "," 841 "," 150.098 "," 65 "," 15.287 "
"   12 MART 2021  "," 34.843.480 "," 2.850.930 "," 29.356 "," 3,8 "," 1.349 "," 2.670.273 "," 14.941 "," 834 "," 148.856 "," 66 "," 11.180 "
"   11 MART 2021  "," 34.694.624 "," 2.835.989 "," 29.290 "," 3,8 "," 1.310 "," 2.659.093 "," 14.046 "," 821 "," 146.386 "," 63 "," 9.231 "
"   10 MART 2021  "," 34.548.238 "," 2.821.943 "," 29.227 "," 3,8 "," 1.309 "," 2.649.862 "," 14.556 "," 814 "," 145.130 "," 67 "," 9.193 "
"   9 MART 2021  "," 34.403.108 "," 2.807.387 "," 29.160 "," 3,8 "," 1.289 "," 2.640.669 "," 13.755 "," 801 "," 140.828 "," 66 "," 8.639 "
"   8 MART 2021  "," 34.262.280 "," 2.793.632 "," 29.094 "," 3,8 "," 1.239 "," 2.632.030 "," 13.215 "," 767 "," 139.429 "," 64 "," 8.106 "
"   7 MART 2021  "," 34.122.851 "," 2.780.417 "," 29.030 "," 3,6 "," 1.261 "," 2.623.924 "," 11.187 "," 735 "," 129.299 "," 65 "," 7.785 "
"   6 MART 2021  "," 33.993.552 "," 2.769.230 "," 28.965 "," 3,6 "," 1.230 "," 2.616.139 "," 11.770 "," 702 "," 138.592 "," 64 "," 7.291 "
"   5 MART 2021  "," 33.854.960 "," 2.757.460 "," 28.901 "," 3,6 "," 1.232 "," 2.608.848 "," 11.302 "," 698 "," 138.214 "," 62 "," 7.711 "
"   4 MART 2021  "," 33.716.746 "," 2.746.158 "," 28.839 "," 3,6 "," 1.220 "," 2.601.137 "," 11.322 "," 685 "," 137.885 "," 68 "," 7.873 "
"   3 MART 2021  "," 33.578.861 "," 2.734.836 "," 28.771 "," 3,6 "," 1.224 "," 2.593.264 "," 11.520 "," 689 "," 138.018 "," 65 "," 7.191 "
"   2 MART 2021  "," 33.440.843 "," 2.723.316 "," 28.706 "," 3,6 "," 1.227 "," 2.586.073 "," 11.837 "," 668 "," 135.291 "," 68 "," 7.892 "
"   1 MART 2021  "," 33.305.552 "," 2.711.479 "," 28.638 "," 3,6 "," 1.215 "," 2.578.181 "," 9.891 "," 645 "," 130.536 "," 69 "," 5.947 "
"   28 ŞUBAT 2021  "," 33.175.016 "," 2.701.588 "," 28.569 "," 4,2 "," 1.191 "," 2.572.234 "," 8.424 "," 610 "," 109.639 "," 66 "," 6.511 "
"   27 ŞUBAT 2021  "," 33.065.377 "," 2.693.164 "," 28.503 "," 4,2 "," 1.187 "," 2.565.723 "," 9.193 "," 621 "," 125.716 "," 71 "," 8.938 "
"   26 ŞUBAT 2021  "," 32.939.661 "," 2.683.971 "," 28.432 "," 4,2 "," 1.195 "," 2.556.785 "," 9.205 "," 649 "," 128.387 "," 74 "," 10.282 "
"   25 ŞUBAT 2021  "," 32.811.274 "," 2.674.766 "," 28.358 "," 4,2 "," 1.192 "," 2.546.503 "," 9.572 "," 658 "," 126.527 "," 73 "," 6.210 "
"   24 ŞUBAT 2021  "," 32.684.747 "," 2.665.194 "," 28.285 "," 4,2 "," 1.200 "," 2.540.293 "," 9.561 "," 660 "," 124.015 "," 72 "," 5.297 "
"   23 ŞUBAT 2021  "," 32.560.732 "," 2.655.633 "," 28.213 "," 4,2 "," 1.185 "," 2.534.996 "," 9.107 "," 633 "," 123.734 "," 75 "," 5.546 "
"   22 ŞUBAT 2021  "," 32.436.998 "," 2.646.526 "," 28.138 "," 4,2 "," 1.189 "," 2.529.450 "," 8.104 "," 623 "," 118.816 "," 78 "," 5.690 "
"   21 ŞUBAT 2021  "," 32.318.182 "," 2.638.422 "," 28.060 "," 3,6 "," 1.185 "," 2.523.760 "," 6.546 "," 601 "," 101.105 "," 77 "," 5.002 "
"   20 ŞUBAT 2021  "," 32.217.077 "," 2.631.876 "," 27.983 "," 3,6 "," 1.180 "," 2.518.758 "," 7.857 "," 635 "," 118.911 "," 80 "," 7.210 "
"   19 ŞUBAT 2021  "," 32.098.166 "," 2.624.019 "," 27.903 "," 3,6 "," 1.185 "," 2.511.548 "," 7.419 "," 638 "," 116.674 "," 82 "," 7.498 "
"   18 ŞUBAT 2021  "," 31.981.492 "," 2.616.600 "," 27.821 "," 3,6 "," 1.187 "," 2.504.050 "," 7.241 "," 640 "," 115.406 "," 83 "," 7.217 "
"   17 ŞUBAT 2021  "," 31.866.086 "," 2.609.359 "," 27.738 "," 3,6 "," 1.193 "," 2.496.833 "," 7.325 "," 649 "," 117.121 "," 86 "," 7.209 "
"   16 ŞUBAT 2021  "," 31.748.965 "," 2.602.034 "," 27.652 "," 3,6 "," 1.201 "," 2.489.624 "," 7.906 "," 658 "," 115.794 "," 90 "," 7.189 "
"   15 ŞUBAT 2021  "," 31.633.171 "," 2.594.128 "," 27.562 "," 3,6 "," 1.232 "," 2.482.435 "," 7.945 "," 660 "," 116.452 "," 91 "," 7.106 "
"   14 ŞUBAT 2021  "," 31.516.719 "," 2.586.183 "," 27.471 "," 3,7 "," 1.230 "," 2.475.329 "," 6.287 "," 666 "," 104.108 "," 94 "," 6.910 "
"   13 ŞUBAT 2021  "," 31.412.611 "," 2.579.896 "," 27.377 "," 3,7 "," 1.235 "," 2.468.419 "," 7.706 "," 671 "," 123.305 "," 93 "," 7.215 "
"   12 ŞUBAT 2021  "," 31.289.306 "," 2.572.190 "," 27.284 "," 3,7 "," 1.250 "," 2.461.204 "," 7.763 "," 667 "," 129.630 "," 97 "," 8.108 "
"   11 ŞUBAT 2021  "," 31.159.676 "," 2.564.427 "," 27.187 "," 3,7 "," 1.256 "," 2.453.096 "," 7.590 "," 660 "," 130.313 "," 94 "," 7.811 "
"   10 ŞUBAT 2021  "," 31.029.363 "," 2.556.837 "," 27.093 "," 3,7 "," 1.308 "," 2.445.285 "," 8.642 "," 664 "," 135.867 "," 95 "," 7.903 "
"   9 ŞUBAT 2021  "," 30.893.496 "," 2.548.195 "," 26.998 "," 3,7 "," 1.310 "," 2.437.382 "," 8.636 "," 659 "," 137.712 "," 98 "," 8.109 "
"   8 ŞUBAT 2021  "," 30.755.784 "," 2.539.559 "," 26.900 "," 3,7 "," 1.310 "," 2.429.273 "," 8.103 "," 632 "," 139.378 "," 103 "," 8.567 "
"   7 ŞUBAT 2021  "," 30.616.406 "," 2.531.456 "," 26.797 "," 4,9 "," 1.317 "," 2.420.706 "," 6.670 "," 623 "," 129.715 "," 112 "," 8.201 "
"   6 ŞUBAT 2021  "," 30.486.691 "," 2.524.786 "," 26.685 "," 4,9 "," 1.337 "," 2.412.505 "," 7.897 "," 618 "," 137.649 "," 108 "," 8.089 "
"   5 ŞUBAT 2021  "," 30.349.042 "," 2.516.889 "," 26.577 "," 4,9 "," 1.423 "," 2.404.416 "," 7.901 "," 620 "," 142.538 "," 110 "," 8.217 "
"   4 ŞUBAT 2021  "," 30.206.504 "," 2.508.988 "," 26.467 "," 4,9 "," 1.501 "," 2.396.199 "," 7.909 "," 627 "," 145.067 "," 113 "," 8.815 "
"   3 ŞUBAT 2021  "," 30.061.437 "," 2.501.079 "," 26.354 "," 4,9 "," 1.523 "," 2.387.384 "," 8.102 "," 632 "," 148.192 "," 117 "," 8.314 "
"   2 ŞUBAT 2021  "," 29.913.245 "," 2.492.977 "," 26.237 "," 4,9 "," 1.592 "," 2.379.070 "," 7.795 "," 630 "," 140.120 "," 120 "," 8.639 "
"   1 ŞUBAT 2021  "," 29.773.125 "," 2.485.182 "," 26.117 "," 4,9 "," 1.615 "," 2.370.431 "," 7.719 "," 636 "," 141.703 "," 124 "," 8.016 "
"   31 OCAK 2021  "," 29.631.422 "," 2.477.463 "," 25.993 "," 4,7 "," 1.634 "," 2.362.415 "," 6.562 "," 641 "," 136.418 "," 128 "," 7.006 "
"   30 OCAK 2021  "," 29.495.004 "," 2.470.901 "," 25.865 "," 4.7 "," 1.692 "," 2.355.409 "," 6.871 "," 658 "," 148.785 "," 129 "," 7.100 "
"   29 OCAK 2021  "," 29.346.219 "," 2.464.030 "," 25.736 "," 4,7 "," 1.740 "," 2.348.309 "," 6.912 "," 664 "," 165.094 "," 131 "," 8.093 "
"   28 OCAK 2021  "," 29.181.125 "," 2.457.118 "," 25.605 "," 4,7 "," 1.751 "," 2.340.216 "," 7.279 "," 670 "," 173.210 "," 129 "," 8.902 "
"   27 OCAK 2021  "," 29.007.915 "," 2.449.839 "," 25.476 "," 4,7 "," 1.765 "," 2.331.314 "," 7.489 "," 675 "," 179.419 "," 132 "," 8.803 "
"   26 OCAK 2021  "," 28.828.496 "," 2.442.350 "," 25.344 "," 4,7 "," 1.791 "," 2.322.511 "," 7.103 "," 681 "," 180.303 "," 134 "," 8.108 "
"   25 OCAK 2021  "," 28.648.193 "," 2.435.247 "," 25.210 "," 4,7 "," 1.808 "," 2.314.403 "," 5.642 "," 671 "," 151.109 "," 137 "," 6.682 "
"   24 OCAK 2021  "," 28.497.084 "," 2.429.605 "," 25.073 "," 5,1 "," 1.905 "," 2.307.721 "," 5.277 "," 684 "," 148.425 "," 140 "," 5.860 "
"   23 OCAK 2021  "," 28.348.659 "," 2.424.328 "," 24.933 "," 5,1 "," 1.962 "," 2.301.861 "," 5.856 "," 723 "," 152.758 "," 144 "," 5.811 "
"   22 OCAK 2021  "," 28.195.901 "," 2.418.472 "," 24.789 "," 5,1 "," 2.003 "," 2.296.050 "," 5.967 "," 734 "," 163.342 "," 149 "," 6.018 "
"   21 OCAK 2021  "," 28.032.559 "," 2.412.505 "," 24.640 "," 5,1 "," 2.074 "," 2.290.032 "," 6.289 "," 743 "," 165.109 "," 153 "," 6.113 "
"   20 OCAK 2021  "," 27.867.450 "," 2.406.216 "," 24.487 "," 5,1 "," 2.102 "," 2.283.919 "," 6.435 "," 752 "," 168.894 "," 159 "," 5.932 "
"   19 OCAK 2021  "," 27.698.556 "," 2.399.781 "," 24.328 "," 5,1 "," 2.162 "," 2.277.987 "," 6.818 "," 761 "," 175.133 "," 167 "," 7.218 "
"   18 OCAK 2021  "," 27.523.423 "," 2.392.963 "," 24.161 "," 5,1 "," 2.183 "," 2.270.769 "," 5.862 "," 749 "," 151.342 "," 164 "," 7.905 "
"   17 OCAK 2021  "," 27.372.081 "," 2.387.101 "," 23.997 "," 4,5 "," 2.201 "," 2.262.864 "," 6.436 "," 803 "," 148.636 "," 165 "," 8.812 "
"   16 OCAK 2021  "," 27.223.445 "," 2.380.665 "," 23.832 "," 4,5 "," 2.265 "," 2.254.052 "," 7.550 "," 902 "," 156.792 "," 168 "," 8.005 "
"   15 OCAK 2021  "," 27.066.653 "," 2.373.115 "," 23.664 "," 4,5 "," 2.311 "," 2.246.047 "," 8.314 "," 921 "," 167.211 "," 169 "," 9.109 "
"   14 OCAK 2021  "," 26.899.442 "," 2.364.801 "," 23.495 "," 4,5 "," 2.512 "," 2.236.938 "," 8.962 "," 958 "," 169.847 "," 170 "," 9.011 "
"   13 OCAK 2021  "," 26.729.595 "," 2.355.839 "," 23.325 "," 4,5 "," 2.652 "," 2.227.927 "," 9.554 "," 971 "," 173.603 "," 173 "," 9.463 "
"   12 OCAK 2021  "," 26.555.992 "," 2.346.285 "," 23.152 "," 4,5 "," 2.701 "," 2.218.464 "," 9.809 "," 983 "," 179.208 "," 171 "," 10.013 "
"   11 OCAK 2021  "," 26.376.784 "," 2.336.476 "," 22.981 "," 4,5 "," 2.783 "," 2.208.451 "," 10.220 "," 1.003 "," 180.303 "," 174 "," 10.301 "
"   10 OCAK 2021  "," 26.196.481 "," 2.326.256 "," 22.807 "," 4,3 "," 2.811 "," 2.198.150 "," 9.138 "," 1.017 "," 162.786 "," 176 "," 8.103 "
"   9 OCAK 2021  "," 26.033.695 "," 2.317.118 "," 22.631 "," 4,3 "," 2.903 "," 2.190.047 "," 9.537 "," 1.103 "," 168.289 "," 181 "," 7.902 "
"   8 OCAK 2021  "," 25.865.406 "," 2.307.581 "," 22.450 "," 4,3 "," 3.094 "," 2.182.145 "," 11.479 "," 1.291 "," 184.193 "," 186 "," 9.894 "
"   7 OCAK 2021  "," 25.681.213 "," 2.296.102 "," 22.264 "," 4,3 "," 3.201 "," 2.172.251 "," 12.171 "," 1.370 "," 183.003 "," 194 "," 8.211 "
"   6 OCAK 2021  "," 25.498.210 "," 2.283.931 "," 22.070 "," 4,3 "," 3.303 "," 2.164.040 "," 13.830 "," 1.458 "," 182.645 "," 191 "," 8.702 "
"   5 OCAK 2021  "," 25.315.565 "," 2.270.101 "," 21.879 "," 4,3 "," 3.410 "," 2.155.338 "," 14.494 "," 1.477 "," 183.413 "," 194 "," 8.908 "
"   4 OCAK 2021  "," 25.132.152 "," 2.255.607 "," 21.685 "," 4,3 "," 3.522 "," 2.146.430 "," 13.695 "," 1.508 "," 181.323 "," 197 "," 9.896 "
"   3 OCAK 2021  "," 24.950.829 "," 2.241.912 "," 21.488 "," 3,8 "," 3.612 "," 2.136.534 "," 9.877 "," 1.515 "," 138.941 "," 193 "," 10.102 "
"   2 OCAK 2021  "," 24.811.888 "," 2.232.035 "," 21.295 "," 3,8 "," 3.764 "," 2.126.432 "," 11.180 "," 1.713 "," 149.218 "," 202 "," 11.672 "
"   1 OCAK 2021  "," 24.662.670 "," 2.220.855 "," 21.093 "," 3,8 "," 3.891 "," 2.114.760 "," 12.203 "," 1.908 "," 158.103 "," 212 "," 14.110 "
"   31 ARALIK 2020  "," 24.504.567 "," 2.208.652 "," 20.881 "," 3,8 "," 3.918 "," 2.100.650 "," 14.380 "," 2.219 "," 178.217 "," 239 "," 22.021 "
"   30 ARALIK 2020  "," 24.326.350 "," 2.194.272 "," 20.642 "," 3,8 "," 4.098 "," 2.078.629 "," 15.692 "," 2.612 "," 184.415 "," 254 "," 20.192 "
"   29 ARALIK 2020  "," 24.141.935 "," 2.178.580 "," 20.388 "," 3,8 "," 4.191 "," 2.058.437 "," 15.805 "," 2.783 "," 183.117 "," 253 "," 21.004 "
"   28 ARALIK 2020  "," 23.958.818 "," 2.162.775 "," 20.135 "," 3,8 "," 4.251 "," 2.037.433 "," 15.197 "," 2.816 "," 180.892 "," 257 "," 22.203 "
"   27 ARALIK 2020  "," 23.777.926 "," 2.147.578 "," 19.878 "," 4,1 "," 4.309 "," 2.015.230 "," 14.205 "," 2.806 "," 172.113 "," 254 "," 21.196 "
"   26 ARALIK 2020  "," 23.605.813 "," 2.133.373 "," 19.624 "," 4,1 "," 4.501 "," 1.994.034 "," 15.118 "," 3.002 "," 178.872 "," 253 "," 23.231 "
"   25 ARALIK 2020  "," 23.426.941 "," 2.118.255 "," 19.371 "," 4,1 "," 4.702 "," 1.970.803 "," 17.543 "," 3.199 "," 201.104 "," 256 "," 35.511 "
"   24 ARALIK 2020  "," 23.225.837 "," 2.100.712 "," 19.115 "," 4,1 "," 4.805 "," 1.935.292 "," 18.102 "," 3.218 "," 195.675 "," 254 "," 33.985 "
"   23 ARALIK 2020  "," 23.030.162 "," 2.082.610 "," 18.861 "," 4,1 "," 4.901 "," 1.901.307 "," 19.650 "," 3.192 "," 202.209 "," 259 "," 34.492 "
"   22 ARALIK 2020  "," 22.827.953 "," 2.062.960 "," 18.602 "," 4,1 "," 5.008 "," 1.866.815 "," 19.256 "," 3.309 "," 192.316 "," 251 "," 32.110 "
"   21 ARALIK 2020  "," 22.635.637 "," 2.043.704 "," 18.351 "," 4,1 "," 5.192 "," 1.834.705 "," 19.103 "," 3.412 "," 196.110 "," 254 "," 34.419 "
"   20 ARALIK 2020  "," 22.439.527 "," 2.024.601 "," 18.097 "," 2,9 "," 5.347 "," 1.800.286 "," 20.316 "," 3.546 "," 158.892 "," 246 "," 21.218 "
"   19 ARALIK 2020  "," 22.280.635 "," 2.004.285 "," 17.851 "," 2,9 "," 5.501 "," 1.779.068 "," 22.195 "," 4.002 "," 173.132 "," 241 "," 25.516 "
"   18 ARALIK 2020  "," 22.107.503 "," 1.982.090 "," 17.610 "," 2,9 "," 5.707 "," 1.753.552 "," 26.410 "," 4.103 "," 205.809 "," 246 "," 31.945 "
"   17 ARALIK 2020  "," 21.901.694 "," 1.955.680 "," 17.364 "," 2,9 "," 5.803 "," 1.721.607 "," 27.515 "," 4.209 "," 206.102 "," 243 "," 30.494 "
"   16 ARALIK 2020  "," 21.695.592 "," 1.928.165 "," 17.121 "," 2,9 "," 5.960 "," 1.691.113 "," 29.718 "," 4.893 "," 205.397 "," 240 "," 29.922 "
"   15 ARALIK 2020  "," 21.490.195 "," 1.898.447 "," 16.881 "," 2,9 "," 5.988 "," 1.661.191 "," 32.102 "," 5.105 "," 206.190 "," 235 "," 29.247 "
"   14 ARALIK 2020  "," 21.284.005 "," 1.866.345 "," 16.646 "," 2,9 "," 5.980 "," 1.631.944 "," 29.617 "," 5.064 "," 204.289 "," 229 "," 28.164 "
"   13 ARALIK 2020  "," 21.079.716 "," 1.836.728 "," 16.417 "," 3,1 "," 5.973 "," 1.603.780 "," 26.919 "," 5.103 "," 181.199 "," 218 "," 22.215 "
"   12 ARALIK 2020  "," 20.898.517 "," 1.809.809 "," 16.199 "," 3,1 "," 5.961 "," 1.581.565 "," 29.136 "," 5.203 "," 189.065 "," 222 "," 20.191 "
"   11 ARALIK 2020  "," 20.709.452 "," 1.780.673 "," 15.977 "," 3,1 "," 5.952 "," 458.109 "," 32.106 "," 5.607 "," 208.873 "," 226 "," 5.516 "
"   10 ARALIK 2020  "," 20.500.579 "," 1.748.567 "," 15.751 "," 3,1 "," 5.943 "," 452.593 "," 30.424 "," 5.918 "," 206.202 "," 220 "," 5.232 "
"   9 ARALIK 2020  "," 20.294.377 "," 558.517 "," 15.531 "," 3,1 "," 5.901 "," 447.361 "," 31.712 "," 6.213 "," 204.411 "," 217 "," 5.846 "
"   8 ARALIK 2020  "," 20.089.966 "," 552.304 "," 15.314 "," 3,1 "," 5.882 "," 441.515 "," 33.198 "," 6.593 "," 201.219 "," 211 "," 5.245 "
"   7 ARALIK 2020  "," 19.888.747 "," 545.711 "," 15.103 "," 3,1 "," 5.836 "," 436.270 "," 32.137 "," 6.420 "," 196.902 "," 203 "," 5.017 "
"   6 ARALIK 2020  "," 19.691.845 "," 539.291 "," 14.900 "," 3,3 "," 5.805 "," 431.253 "," 30.402 "," 6.093 "," 174.761 "," 195 "," 4.011 "
"   5 ARALIK 2020  "," 19.517.084 "," 533.198 "," 14.705 "," 3,3 "," 5.800 "," 427.242 "," 31.896 "," 6.128 "," 178.903 "," 196 "," 4.100 "
"   4 ARALIK 2020  "," 19.338.181 "," 527.070 "," 14.509 "," 3,3 "," 5.703 "," 423.142 "," 32.736 "," 6.903 "," 194.435 "," 193 "," 4.811 "
"   3 ARALIK 2020  "," 19.143.746 "," 520.167 "," 14.316 "," 3,3 "," 5.611 "," 418.331 "," 32.381 "," 6.511 "," 187.518 "," 187 "," 4.190 "
"   2 ARALIK 2020  "," 18.956.228 "," 513.656 "," 14.129 "," 3,3 "," 5.502 "," 414.141 "," 31.923 "," 6.690 "," 183.624 "," 193 "," 4.821 "
"   1 ARALIK 2020  "," 18.772.604 "," 506.966 "," 13.936 "," 3,3 "," 5.303 "," 409.320 "," 30.110 "," 6.101 "," 180.312 "," 190 "," 4.593 "
"   30 KASIM 2020  "," 18.592.292 "," 500.865 "," 13.746 "," 3,4 "," 5.190 "," 404.727 "," 31.219 "," 6.514 "," 176.656 "," 188 "," 4.485 "
"   29 KASIM 2020  "," 18.415.636 "," 494.351 "," 13.558 "," 3,4 "," 5.011 "," 400.242 "," 29.281 "," 6.439 "," 168.212 "," 185 "," 4.015 "
"   28 KASIM 2020  "," 18.247.424 "," 487.912 "," 13.373 "," 3,4 "," 4.903 "," 396.227 "," 30.103 "," 6.714 "," 174.443 "," 182 "," 3.611 "
"   27 KASIM 2020  "," 18.072.981 "," 481.198 "," 13.191 "," 3,4 "," 4.816 "," 392.616 "," 29.845 "," 6.592 "," 171.113 "," 177 "," 3.845 "
"   26 KASIM 2020  "," 17.901.868 "," 474.606 "," 13.014 "," 3,4 "," 4.711 "," 388.771 "," 29.132 "," 6.876 "," 168.348 "," 174 "," 3.291 "
"   25 KASIM 2020  "," 17.733.520 "," 467.730 "," 12.840 "," 3,4 "," 4.641 "," 385.480 "," 28.351 "," 6.814 "," 164.547 "," 168 "," 3.911 "
"   24 KASIM 2020  "," 17.568.973 "," 460.916 "," 12.672 "," 3,4 "," 4.543 "," 381.569 ","  "," 7.381 "," 162.231 "," 161 "," 3.678 "
"   23 KASIM 2020  "," 17.406.742 "," 453.535 "," 12.511 "," 3,4 "," 4.409 "," 377.891 ","  "," 6.713 "," 161.125 "," 153 "," 3.254 "
"   22 KASIM 2020  "," 17.245.617 "," 446.822 "," 12.358 "," 3,8 "," 4.217 "," 374.637 ","  "," 6.017 "," 155.516 "," 139 "," 3.812 "
"   21 KASIM 2020  "," 17.090.101 "," 440.805 "," 12.219 "," 3,8 "," 4.121 "," 370.825 ","  "," 5.532 "," 152.214 "," 135 "," 3.233 "
"   20 KASIM 2020  "," 16.937.887 "," 435.273 "," 12.084 "," 3,8 "," 3.990 "," 367.592 ","  "," 5.103 "," 156.642 "," 141 "," 3.019 "
"   19 KASIM 2020  "," 16.781.245 "," 430.170 "," 11.943 "," 3,8 "," 3.850 "," 364.573 ","  "," 4.542 "," 157.756 "," 123 "," 2.918 "
"   18 KASIM 2020  "," 16.623.489 "," 425.628 "," 11.820 "," 3,8 "," 3.742 "," 361.655 ","  "," 4.215 "," 158.811 "," 116 "," 2.592 "
"   17 KASIM 2020  "," 16.464.678 "," 421.413 "," 11.704 "," 3,8 "," 3.657 "," 359.063 ","  "," 3.819 "," 156.692 "," 103 "," 2.688 "
"   16 KASIM 2020  "," 16.307.986 "," 417.594 "," 11.601 "," 3,8 "," 3.610 "," 356.375 ","  "," 3.316 "," 151.516 "," 94 "," 2.712 "
"   15 KASIM 2020  "," 16.156.470 "," 414.278 "," 11.507 "," 4,2 "," 3.439 "," 353.663 ","  "," 3.223 "," 142.496 "," 89 "," 2.561 "
"   14 KASIM 2020  "," 16.013.974 "," 411.055 "," 11.418 "," 4,2 "," 3.423 "," 351.102 ","  "," 3.116 "," 150.141 "," 92 "," 2.298 "
"   13 KASIM 2020  "," 15.863.833 "," 407.939 "," 11.326 "," 4,2 "," 3.356 "," 348.804 ","  "," 3.045 "," 149.942 "," 93 "," 2.010 "
"   12 KASIM 2020  "," 15.713.891 "," 404.894 "," 11.233 "," 4,2 "," 3.230 "," 346.794 ","  "," 2.841 "," 148.482 "," 88 "," 2.181 "
"   11 KASIM 2020  "," 15.565.409 "," 402.053 "," 11.145 "," 4,2 "," 3.095 "," 344.613 ","  "," 2.693 "," 145.989 "," 86 "," 2.112 "
"   10 KASIM 2020  "," 15.419.420 "," 399.360 "," 11.059 "," 4,2 "," 3.001 "," 342.501 ","  "," 2.529 "," 146.198 "," 87 "," 2.215 "
"   9 KASIM 2020  "," 15.273.222 "," 396.831 "," 10.972 "," 4.2 "," 2.867 "," 340.286 ","  "," 2.576 "," 145.411 "," 85 "," 2.047 "
"   8 KASIM 2020  "," 15.127.811 "," 394.255 "," 10.887 "," 4.7 "," 2.740 "," 338.239 ","  "," 2.516 "," 141.944 "," 84 "," 2.018 "
"   7 KASIM 2020  "," 14.985.867 "," 391.739 "," 10.803 "," 4.7 "," 2.730 "," 336.221 ","  "," 2.483 "," 139.675 "," 81 "," 1.928 "
"   6 KASIM 2020  "," 14.846.192 "," 389.256 "," 10.722 "," 4.7 "," 2.654 "," 334.293 ","  "," 2.436 "," 145.241 "," 83 "," 1.914 "
"   5 KASIM 2020  "," 14.700.951 "," 386.820 "," 10.639 "," 4.7 "," 2.564 "," 332.379 ","  "," 2.311 "," 146.028 "," 81 "," 1.714 "
"   4 KASIM 2020  "," 14.554.923 "," 384.509 "," 10.558 "," 4.7 "," 2.464 "," 330.665 ","  "," 2.391 "," 144.416 "," 77 "," 1.841 "
"   3 KASIM 2020  "," 14.410.507 "," 382.118 "," 10.481 "," 4.7 "," 2.386 "," 328.824 ","  "," 2.343 "," 146.247 "," 79 "," 1.817 "
"   2 KASIM 2020  "," 14.264.260 "," 379.775 "," 10.402 "," 4.7 "," 2.341 "," 327.007 ","  "," 2.302 "," 139.103 "," 76 "," 1.521 "
"   1 KASIM 2020  "," 14.125.157 "," 377.473 "," 10.326 "," 5.0 "," 2.177 "," 325.486 ","  "," 2.106 "," 123.343 "," 74 "," 1.515 "
"   31 EKİM 2020  "," 14.001.814 "," 375.367 "," 10.252 "," 5.0 "," 2.075 "," 323.971 ","  "," 2.213 "," 124.109 "," 75 "," 1.506 "
"   30 EKİM 2020  "," 13.877.705 "," 373.154 "," 10.177 "," 5.0 "," 1.966 "," 322.465 ","  "," 2.322 "," 136.525 "," 78 "," 1.703 "
"   29 EKİM 2020  "," 13.741.180 "," 370.832 "," 10.099 "," 5.0 "," 1.916 "," 320.762 ","  "," 2.319 "," 134.416 "," 72 "," 1.581 "
"   28 EKİM 2020  "," 13.606.764 "," 368.513 "," 10.027 "," 5.0 "," 1.836 "," 319.181 ","  "," 2.305 "," 128.312 "," 77 "," 1.662 "
"   27 EKİM 2020  "," 13.478.452 "," 366.208 "," 9.950 "," 5.0 "," 1.827 "," 317.519 ","  "," 2.209 "," 127.651 "," 76 "," 1.511 "
"   26 EKİM 2020  "," 13.350.801 "," 363.999 "," 9.874 "," 5.0 "," 1.780 "," 316.008 ","  "," 2.198 "," 132.913 "," 75 "," 1.618 "
"   25 EKİM 2020  "," 13.217.888 "," 361.801 "," 9.799 "," 5.6 "," 1.744 "," 314.390 ","  "," 2.017 "," 112.215 "," 72 "," 1.297 "
"   24 EKİM 2020  "," 13.105.673 "," 359.784 "," 9.727 "," 5.6 "," 1.699 "," 313.093 ","  "," 2.091 "," 113.427 "," 69 "," 1.573 "
"   23 EKİM 2020  "," 12.992.246 "," 357.693 "," 9.658 "," 5.6 "," 1.648 "," 311.520 ","  "," 2.165 "," 115.979 "," 74 "," 1.493 "
"   22 EKİM 2020  "," 12.876.267 "," 355.528 "," 9.584 "," 5.6 "," 1.599 "," 310.027 ","  "," 2.102 "," 117.198 "," 71 "," 1.581 "
"   21 EKİM 2020  "," 12.759.069 "," 353.426 "," 9.513 "," 5.6 "," 1.504 "," 308.446 ","  "," 2.013 "," 117.943 "," 68 "," 1.507 "
"   20 EKİM 2020  "," 12.641.126 "," 351.413 "," 9.445 "," 5.6 "," 1.545 "," 306.939 ","  "," 1.894 "," 116.565 "," 74 "," 1.512 "
"   19 EKİM 2020  "," 12.524.561 "," 349.519 "," 9.371 "," 5.6 "," 1.447 "," 305.427 ","  "," 2026 "," 116.249 "," 75 "," 1.424 "
"   18 EKİM 2020  "," 12.408.312 "," 347.493 "," 9.296 "," 5.9 "," 1.427 "," 304.003 ","  "," 1.815 "," 101.403 "," 72 "," 1.504 "
"   17 EKİM 2020  "," 12.306.909 "," 345.678 "," 9.224 "," 5.9 "," 1.428 "," 302.499 ","  "," 1.723 "," 112.131 "," 71 "," 1.401 "
"   16 EKİM 2020  "," 12.194.778 "," 343.955 "," 9.153 "," 5.9 "," 1.445 "," 301.098 ","  "," 1.812 "," 117.005 "," 73 "," 1.419 "
"   15 EKİM 2020  "," 12.077.773 "," 342.143 "," 9.080 "," 5.9 "," 1.408 "," 299.679 ","  "," 1.693 "," 116.103 "," 66 "," 1.311 "
"   14 EKİM 2020  "," 11.961.670 "," 340.450 "," 9.014 "," 5.9 "," 1.418 "," 298.368 ","  "," 1.671 "," 115.328 "," 57 "," 1.396 "
"   13 EKİM 2020  "," 11.846.342 "," 338.779 "," 8.957 "," 5.9 "," 1.416 "," 296.972 ","  "," 1.632 "," 114.992 "," 62 "," 1.314 "
"   12 EKİM 2020  "," 11.731.350 "," 337.147 "," 8.895 "," 5.9 "," 1.417 "," 295.658 ","  "," 1.614 "," 115.605 "," 58 "," 1.301 "
"   11 EKİM 2020  "," 11.615.745 "," 335.533 "," 8.837 "," 6.2 "," 1.411 "," 294.357 ","  "," 1.502 "," 109.301 "," 59 "," 1.212 "
"   10 EKİM 2020  "," 11.506.444 "," 334.031 "," 8.778 "," 6.2 "," 1.414 "," 293.145 ","  "," 1.649 "," 113.102 "," 56 "," 1.391 "
"   9 EKİM 2020  "," 11.393.342 "," 332.382 "," 8.722 "," 6.2 "," 1.398 "," 291.754 ","  "," 1.629 "," 115.295 "," 55 "," 1.402 "
"   8 EKİM 2020  "," 11.278.047 "," 330.753 "," 8.667 "," 6.2 "," 1.403 "," 290.352 ","  "," 1.615 "," 117.101 "," 58 "," 1.398 "
"   7 EKİM 2020  "," 11.160.946 "," 329.138 "," 8.609 "," 6.2 "," 1.411 "," 288.954 ","  "," 1.581 "," 116.608 "," 56 "," 1.355 "
"   6 EKİM 2020  "," 11.044.338 "," 327.557 "," 8.553 "," 6.2 "," 1.414 "," 287.599 ","  "," 1.511 "," 112.421 "," 55 "," 1.229 "
"   5 EKİM 2020  "," 10.931.917 "," 326.046 "," 8.498 "," 6.2 "," 1.412 "," 286.370 ","  "," 1.603 "," 115.632 "," 57 "," 1.320 "
"   4 EKİM 2020  "," 10.816.285 "," 324.443 "," 8.441 "," 6.4 "," 1.475 "," 285.050 ","  "," 1.429 "," 104.402 "," 57 "," 1.182 "
"   3 EKİM 2020  "," 10.711.883 "," 323.014 "," 8.384 "," 6.4 "," 1.470 "," 283.868 ","  "," 1.502 "," 103.219 "," 59 "," 1.211 "
"   2 EKİM 2020  "," 10.608.664 "," 321.512 "," 8.325 "," 6.4 "," 1.455 "," 282.657 ","  "," 1.442 "," 114.857 "," 63 "," 1.506 "
"   1 EKİM 2020  "," 10.493.807 "," 320.070 "," 8.262 "," 6.4 "," 1.507 "," 281.151 ","  "," 1.407 "," 113.546 "," 67 "," 1.402 "
"   30 EYLÜL 2020  "," 10.380.261 "," 318.663 "," 8.195 "," 6.4 "," 1.516 "," 279.749 ","  "," 1.391 "," 112.098 "," 65 "," 1.245 "
"   29 EYLÜL 2020  "," 10.268.163 "," 317.272 "," 8.130 "," 6.5 "," 1.583 "," 278.504 ","  "," 1.427 "," 114.940 "," 68 "," 1.452 "
"   28 EYLÜL 2020  "," 10.153.223 "," 315.845 "," 8.062 "," 6.5 "," 1.596 "," 277.052 ","  "," 1.412 "," 115.523 "," 65 "," 1.422 "
"   27 EYLÜL 2020  "," 10.037.700 "," 314.433 "," 7.997 "," 6.5 "," 1.583 "," 275.630 ","  "," 1.467 "," 101.119 "," 68 "," 1.116 "
"   26 EYLÜL 2020  "," 9.936.581 "," 312.966 "," 7.929 "," 6.6 "," 1.615 "," 274.514 ","  "," 1.511 "," 102.009 "," 71 "," 1.232 "
"   25 EYLÜL 2020  "," 9.834.572 "," 311.455 "," 7.858 "," 6.6 "," 1.601 "," 273.282 ","  "," 1.665 "," 112.885 "," 73 "," 1.318 "
"   24 EYLÜL 2020  "," 9.721.687 "," 309.790 "," 7.785 "," 6.6 "," 1.573 "," 271.964 ","  "," 1.721 "," 113.317 "," 74 "," 1.241 "
"   23 EYLÜL 2020  "," 9.608.370 "," 308.069 "," 7.711 "," 6.7 "," 1.561 "," 270.723 ","  "," 1.767 "," 112.102 "," 72 "," 1.027 "
"   22 EYLÜL 2020  "," 9.496.268 "," 306.302 "," 7.639 "," 6.7 "," 1.522 "," 269.696 ","  "," 1.692 "," 114.311 "," 65 "," 1.261 "
"   21 EYLÜL 2020  "," 9.381.957 "," 304.610 "," 7.574 "," 6.8 "," 1.491 "," 268.435 ","  "," 1.743 "," 112.942 "," 68 "," 1.202 "
"   20 EYLÜL 2020  "," 9.269.015 "," 302.867 "," 7.506 "," 7.0 "," 1.456 "," 267.233 ","  "," 1.519 "," 95.321 "," 61 "," 1.116 "
"   19 EYLÜL 2020  "," 9.173.694 "," 301.348 "," 7.445 "," 7.0 "," 1.432 "," 266.117 ","  "," 1.538 "," 97.416 "," 68 "," 1.312 "
"   18 EYLÜL 2020  "," 9.076.278 "," 299.810 "," 7.377 "," 7.1 "," 1.402 "," 264.805 ","  "," 1.771 "," 111.113 "," 62 "," 1.060 "
"   17 EYLÜL 2020  "," 8.965.165 "," 298.039 "," 7.315 "," 7.1 "," 1.372 "," 263.745 ","  "," 1.648 "," 109.985 "," 66 "," 1.143 "
"   16 EYLÜL 2020  "," 8.855.180 "," 296.391 "," 7.249 "," 7.1 "," 1.351 "," 262.602 ","  "," 1.771 "," 112.645 "," 63 "," 1.342 "
"   15 EYLÜL 2020  "," 8.742.535 "," 294.620 "," 7.186 "," 7.1 "," 1.327 "," 261.260 ","  "," 1.742 "," 110.412 "," 67 "," 1.202 "
"   14 EYLÜL 2020  "," 8.632.123 "," 292.878 "," 7.119 "," 7.1 "," 1.301 "," 260.058 ","  "," 1.716 "," 112.563 "," 63 "," 1.225 "
"   13 EYLÜL 2020  "," 8.519.560 "," 291.162 "," 7.056 "," 7.2 "," 1.267 "," 258.833 ","  "," 1.527 "," 96.097 "," 57 "," 1.102 "
"   12 EYLÜL 2020  "," 8.423.463 "," 289.635 "," 6.999 "," 7.2 "," 1.241 "," 257.731 ","  "," 1.509 "," 98.326 "," 48 "," 1.207 "
"   11 EYLÜL 2020  "," 8.325.137 "," 288.126 "," 6.951 "," 7.3 "," 1.223 "," 256.524 ","  "," 1.671 "," 112.213 "," 56 "," 1.117 "
"   10 EYLÜL 2020  "," 8.212.924 "," 286.455 "," 6.895 "," 7.3 "," 1.209 "," 255.407 ","  "," 1.512 "," 107.702 "," 58 "," 1.219 "
"   9 EYLÜL 2020  "," 8.105.222 "," 284.943 "," 6.837 "," 7.4 "," 1.181 "," 254.188 ","  "," 1.673 "," 111.193 "," 55 "," 943 "
"   8 EYLÜL 2020  "," 7.994.029 "," 283.270 "," 6.782 "," 7.5 "," 1.159 "," 253.245 ","  "," 1.761 "," 110.565 "," 52 "," 1.093 "
"   7 EYLÜL 2020  "," 7.883.464 "," 281.509 "," 6.730 "," 7.6 "," 1.118 "," 252.152 ","  "," 1.703 "," 103.925 "," 57 "," 1.047 "
"   6 EYLÜL 2020  "," 7.779.539 "," 279.806 "," 6.673 "," 7.6 "," 1.102 "," 251.105 ","  "," 1.578 "," 96.842 "," 53 "," 1.013 "
"   5 EYLÜL 2020  "," 7.682.697 "," 278.228 "," 6.620 "," 7.5 "," 1.091 "," 250.092 ","  "," 1.673 "," 99.497 "," 56 "," 984 "
"   4 EYLÜL 2020  "," 7.583.200 "," 276.555 "," 6.564 "," 7.5 "," 1.076 "," 249.108 ","  "," 1.612 "," 117.113 "," 53 "," 1.021 "
"   3 EYLÜL 2020  "," 7.466.087 "," 274.943 "," 6.511 "," 7.6 "," 1.041 "," 248.087 ","  "," 1.642 "," 110.225 "," 49 "," 1.211 "
"   2 EYLÜL 2020  "," 7.355.862 "," 273.301 "," 6.462 "," 7.6 "," 1.017 "," 246.876 ","  "," 1.596 "," 107.927 "," 45 "," 947 "
"   1 EYLÜL 2020  "," 7.247.935 "," 271.705 "," 6.417 "," 7,6 "," 991 "," 245.929 ","  "," 1.572 "," 109.443 "," 47 "," 1.003 "
"   31 AĞUSTOS 2020  "," 7.138.492 "," 270.133 "," 6.370 "," 7,5 "," 961 "," 244.926 ","  "," 1.587 "," 110.102 "," 44 "," 1.087 "
"   30 AĞUSTOS 2020  "," 7.028.390 "," 268.546 "," 6.326 "," 7,5 "," 945 "," 243.839 ","  "," 1.482 "," 91.302 "," 42 "," 1.027 "
"   29 AĞUSTOS 2020  "," 6.937.088 "," 267.064 "," 6.284 "," 7,4 "," 917 "," 242.812 ","  "," 1.549 "," 101.414 "," 39 "," 1.003 "
"   28 AĞUSTOS 2020  "," 6.835.674 "," 265.515 "," 6.245 "," 7,4 "," 896 "," 241.809 ","  "," 1.517 "," 107.814 "," 36 "," 1.017 "
"   27 AĞUSTOS 2020  "," 6.727.860 "," 263.998 "," 6.209 "," 7,3 "," 862 "," 240.792 ","  "," 1.491 "," 106.111 "," 26 "," 995 "
"   26 AĞUSTOS 2020  "," 6.621.749 "," 262.507 "," 6.183 "," 7,4 "," 841 "," 239.797 ","  "," 1.313 "," 100.109 "," 20 "," 1.002 "
"   25 AĞUSTOS 2020  "," 6.521.640 "," 261.194 "," 6.163 "," 7,4 "," 811 "," 238.795 ","  "," 1.502 "," 98.231 "," 24 "," 887 "
"   24 AĞUSTOS 2020  "," 6.423.409 "," 259.692 "," 6.139 "," 7,4 "," 796 "," 237.908 ","  "," 1.443 "," 95.943 "," 18 "," 743 "
"   23 AĞUSTOS 2020  "," 6.327.466 "," 258.249 "," 6.121 "," 7,5 "," 783 "," 237.165 ","  "," 1.217 "," 80.302 "," 19 "," 795 "
"   22 AĞUSTOS 2020  "," 6.247.164 "," 257.032 "," 6.102 "," 7,4 "," 762 "," 236.370 ","  "," 1.309 "," 93.007 "," 22 "," 801 "
"   21 AĞUSTOS 2020  "," 6.154.157 "," 255.723 "," 6.080 "," 7,3 "," 749 "," 235.569 ","  "," 1.203 "," 92.227 "," 22 "," 772 "
"   20 AĞUSTOS 2020  "," 6.061.930 "," 254.520 "," 6.058 "," 7,3 "," 735 "," 234.797 ","  "," 1.412 "," 92.301 "," 19 "," 882 "
"   19 AĞUSTOS 2020  "," 5.969.629 "," 253.108 "," 6.039 "," 7,4 "," 719 "," 233.915 ","  "," 1.303 "," 87.223 "," 23 "," 1.002 "
"   18 AĞUSTOS 2020  "," 5.882.406 "," 251.805 "," 6.016 "," 7,5 "," 703 "," 232.913 ","  "," 1.263 "," 82.318 "," 20 "," 942 "
"   17 AĞUSTOS 2020  "," 5.800.088 "," 250.542 "," 5.996 "," 7,5 "," 686 "," 231.971 ","  "," 1.233 "," 74.846 "," 22 "," 1.002 "
"   16 AĞUSTOS 2020  "," 5.725.242 "," 249.309 "," 5.974 "," 7,6 "," 679 "," 230.969 ","  "," 1.192 "," 65.956 "," 19 "," 997 "
"   15 AĞUSTOS 2020  "," 5.659.286 "," 248.117 "," 5.955 "," 7,6 "," 668 "," 229.972 ","  "," 1.256 "," 67.214 "," 21 "," 992 "
"   14 AĞUSTOS 2020  "," 5.592.072 "," 246.861 "," 5.934 "," 7,8 "," 656 "," 228.980 ","  "," 1.226 "," 70.192 "," 22 "," 923 "
"   13 AĞUSTOS 2020  "," 5.521.880 "," 245.635 "," 5.912 "," 7,9 "," 647 "," 228.057 ","  "," 1.243 "," 66.892 "," 21 "," 968 "
"   12 AĞUSTOS 2020  "," 5.454.988 "," 244.392 "," 5.891 "," 8,2 "," 632 "," 227.089 ","  "," 1.212 "," 67.237 "," 18 "," 934 "
"   11 AĞUSTOS 2020  "," 5.387.751 "," 243.180 "," 5.873 "," 8,2 "," 617 "," 226.155 ","  "," 1.183 "," 61.716 "," 15 "," 1.185 "
"   10 AĞUSTOS 2020  "," 5.326.035 "," 241.997 "," 5.858 "," 8,2 "," 603 "," 224.970 ","  "," 1.193 "," 62.219 "," 14 "," 1.211 "
"   9 AĞUSTOS 2020  "," 5.263.816 "," 240.804 "," 5.844 "," 8,1 "," 596 "," 223.759 ","  "," 1.182 "," 61.446 "," 15 "," 1.103 "
"   8 AĞUSTOS 2020  "," 5.202.370 "," 239.622 "," 5.829 "," 8,1 "," 587 "," 222.656 ","  "," 1.172 "," 63.842 "," 16 "," 1.082 "
"   7 AĞUSTOS 2020  "," 5.138.528 "," 238.450 "," 5.813 "," 8,3 "," 586 "," 221.574 ","  "," 1.185 "," 56.726 "," 15 "," 1.028 "
"   6 AĞUSTOS 2020  "," 5.081.802 "," 237.265 "," 5.798 "," 8,3 "," 580 "," 220.546 ","  "," 1.153 "," 54.494 "," 14 "," 1.040 "
"   5 AĞUSTOS 2020  "," 5.027.308 "," 236.112 "," 5.784 "," 8,4 "," 582 "," 219.506 ","  "," 1.178 "," 53.842 "," 19 "," 1.015 "
"   4 AĞUSTOS 2020  "," 4.973.466 "," 234.934 "," 5.765 "," 8,5 "," 583 "," 218.491 ","  "," 1.083 "," 46.249 "," 18 "," 994 "
"   3 AĞUSTOS 2020  "," 4.927.217 "," 233.851 "," 5.747 "," 8.4 "," 580 "," 217.497 ","  "," 995 "," 41.301 "," 19 "," 1.003 "
"   2 AĞUSTOS 2020  "," 4.885.916 "," 232.856 "," 5.728 "," 8.5 "," 582 "," 216.494 ","  "," 987 "," 40.247 "," 18 "," 978 "
"   1 AĞUSTOS 2020  "," 4.845.669 "," 231.869 "," 5.710 "," 8.7 "," 586 "," 215.516 ","  "," 996 "," 44.846 "," 19 "," 981 "
"   31 TEMMUZ 2020  "," 4.800.823 "," 230.873 "," 5.691 "," 8.8 "," 582 "," 214.535 ","  "," 982 "," 46.492 "," 17 "," 996 "
"   30 TEMMUZ 2020  "," 4.754.331 "," 229.891 "," 5.674 "," 9.3 "," 561 "," 213.539 ","  "," 967 "," 43.236 "," 15 "," 982 "
"   29 TEMMUZ 2020  "," 4.711.095 "," 228.924 "," 5.659 "," 9.4 "," 542 "," 212.557 ","  "," 942 "," 45.712 "," 14 "," 996 "
"   28 TEMMUZ 2020  "," 4.665.383 "," 227.982 "," 5.645 ","  ","  "," 211.561 ","  "," 963 "," 47.412 "," 15 "," 1.092 "
"   27 TEMMUZ 2020  "," 4.617.971 "," 227.019 "," 5.630 ","  ","  "," 210.469 ","  "," 919 "," 45.283 "," 17 "," 982 "
"   26 TEMMUZ 2020  "," 4.572.688 "," 226.100 "," 5.613 ","  ","  "," 209.487 ","  "," 927 "," 40.016 "," 17 "," 1.010 "
"   25 TEMMUZ 2020  "," 4.532.672 "," 225.173 "," 5.596 ","  ","  "," 208.477 ","  "," 921 "," 43.312 "," 16 "," 1.103 "
"   24 TEMMUZ 2020  "," 4.489.360 "," 224.252 "," 5.580 ","  ","  "," 207.374 ","  "," 937 "," 42.986 "," 17 "," 1.009 "
"   23 TEMMUZ 2020  "," 4.446.374 "," 223.315 "," 5.563 ","  ","  "," 206.365 ","  "," 913 "," 43.343 "," 18 "," 1.151 "
"   22 TEMMUZ 2020  "," 4.403.031 "," 222.402 "," 5.545 ","  ","  "," 205.214 ","  "," 902 "," 43.404 "," 19 "," 1.203 "
"   21 TEMMUZ 2020  "," 4.359.627 "," 221.500 "," 5.526 ","  ","  "," 204.011 ","  "," 928 "," 42.846 "," 18 "," 1.009 "
"   20 TEMMUZ 2020  "," 4.316.781 "," 220.572 "," 5.508 ","  ","  "," 203.002 ","  "," 931 "," 43.404 "," 17 "," 992 "
"   19 TEMMUZ 2020  "," 4.273.377 "," 219.641 "," 5.491 ","  ","  "," 202.010 ","  "," 924 "," 41.310 "," 16 "," 997 "
"   18 TEMMUZ 2020  "," 4.232.067 "," 218.717 "," 5.475 ","  ","  "," 201.013 ","  "," 918 "," 40.943 "," 17 "," 1.179 "
"   17 TEMMUZ 2020  "," 4.191.124 "," 217.799 "," 5.458 ","  ","  "," 199.834 ","  "," 926 "," 41.215 "," 18 "," 1.014 "
"   16 TEMMUZ 2020  "," 4.149.909 "," 216.873 "," 5.440 ","  ","  "," 198.820 ","  "," 933 "," 42.411 "," 21 "," 1.087 "
"   15 TEMMUZ 2020  "," 4.107.498 "," 215.940 "," 5.419 ","  ","  "," 197.733 ","  "," 947 "," 42.320 "," 17 "," 1.013 "
"   14 TEMMUZ 2020  "," 4.065.178 "," 214.993 "," 5.402 ","  ","  "," 196.720 ","  "," 992 "," 43.231 "," 20 "," 1.049 "
"   13 TEMMUZ 2020  "," 4.021.947 "," 214.001 "," 5.382 ","  ","  "," 195.671 ","  "," 1.008 "," 46.492 "," 19 "," 1.156 "
"   12 TEMMUZ 2020  "," 3.975.455 "," 212.993 "," 5.363 ","  ","  "," 194.515 ","  "," 1.012 "," 45.232 "," 19 "," 1.298 "
"   11 TEMMUZ 2020  "," 3.930.223 "," 211.981 "," 5.344 ","  ","  "," 193.217 ","  "," 1.016 "," 48.813 "," 21 "," 1.334 "
"   10 TEMMUZ 2020  "," 3.881.410 "," 210.965 "," 5.323 ","  ","  "," 191.883 ","  "," 1.003 "," 48.787 "," 23 "," 1.493 "
"   9 TEMMUZ 2020  "," 3.832.623 "," 209.962 "," 5.300 ","  ","  "," 190.390 ","  "," 1.024 "," 50.103 "," 18 "," 2.879 "
"   8 TEMMUZ 2020  "," 3.782.520 "," 208.938 "," 5.282 ","  ","  "," 187.511 ","  "," 1.041 "," 49.302 "," 22 "," 2.219 "
"   7 TEMMUZ 2020  "," 3.733.218 "," 207.897 "," 5.260 ","  ","  "," 185.292 ","  "," 1.053 "," 50.545 "," 19 "," 2.297 "
"   6 TEMMUZ 2020  "," 3.682.673 "," 206.844 "," 5.241 ","  ","  "," 182.995 ","  "," 1.086 "," 52.193 "," 16 "," 2.315 "
"   5 TEMMUZ 2020  "," 3.630.480 "," 205.758 "," 5.225 ","  ","  "," 180.680 ","  "," 1.148 "," 46.414 "," 19 "," 1.188 "
"   4 TEMMUZ 2020  "," 3.584.066 "," 204.610 "," 5206 ","  ","  "," 179.492 ","  "," 1.154 "," 48.248 "," 20 "," 1.214 "
"   3 TEMMUZ 2020  "," 3.535.818  "," 203.456 "," 5.186 ","  ","  "," 178.278 ","  "," 1.172 "," 52.141 "," 19 "," 1.313 "
"   2 TEMMUZ 2020  "," 3.483.677 "," 202.284 "," 5.167 ","  ","  "," 176.965 ","  "," 1.186 "," 49.714 "," 17 "," 1.543 "
"   1 TEMMUZ 2020  ","  3.433.963  "," 201.098 "," 5.150 ","  ","  "," 175.422 ","  "," 1.192 "," 52.313 "," 19 "," 2.311 "
"   30 HAZİRAN 2020  "," 3.381.650 "," 199.906 "," 5.131 ","  ","  "," 173.111 ","  "," 1.293 "," 50.492 "," 16 "," 1.302 "
"   29 HAZİRAN 2020  "," 3.331.158 "," 198.613 "," 5.115 ","  ","  "," 171.809 ","  "," 1.374 "," 51.014 "," 18 "," 1.214 "
"   28 HAZİRAN 2020  "," 3.280.144 "," 197.239 "," 5.097 ","  ","  "," 170.595 ","  "," 1.356 "," 48.309 "," 15 "," 1.413 "
"   27 HAZİRAN 2020  "," 3.231.835 "," 195.883 "," 5.082 ","  ","  "," 169.182 ","  "," 1.372 "," 45.213 "," 17 "," 1.984 "
"   26 HAZİRAN 2020  "," 3.186.622 "," 194.511 "," 5.065 ","  ","  "," 167.198 ","  "," 1.396 "," 51.198 "," 19 "," 1.492 "
"   25 HAZİRAN 2020  "," 3.135.424 "," 193.115 "," 5.046 ","  ","  "," 165.706 ","  "," 1.458 "," 52.303 "," 21 "," 1.472 "
"   24 HAZİRAN 2020  "," 3.083.121 "," 191.657 "," 5.025 ","  ","  "," 164.234 ","  "," 1.492 "," 53.486 "," 24 "," 1.386 "
"   23 HAZİRAN 2020  "," 3.029.635 "," 190.165 "," 5.001 ","  ","  "," 162.848 ","  "," 1.268 "," 42.982 "," 27 "," 1.315 "
"   22 HAZİRAN 2020  "," 2.986.653 "," 188.897 "," 4.974 ","  ","  "," 161.533 ","  "," 1.212 "," 41.413 "," 24 "," 1.293 "
"   21 HAZİRAN 2020  "," 2.945.240 "," 187.685 "," 4.950 ","  ","  "," 160.240 ","  "," 1.192 "," 40.496 "," 23 "," 1.412 "
"   20 HAZİRAN 2020  "," 2.904.744 "," 186.493 "," 4.927 ","  ","  "," 158.828 ","  "," 1.248 "," 41.112 "," 22 "," 1.312 "
"   19 HAZİRAN 2020  "," 2.863.632 "," 185.245 "," 4.905 ","  ","  "," 157.516 ","  "," 1.214 "," 41.316 "," 23 "," 1.494 "
"   18 HAZİRAN 2020  "," 2.822.316 "," 184.031 "," 4.882 ","  ","  "," 156.022 ","  "," 1.304 "," 48.412 "," 21 "," 1382 "
"   17 HAZİRAN 2020  "," 2.773.904 "," 182.727 "," 4.861 ","  ","  "," 154.640 ","  "," 1.429 "," 52.901 "," 19 "," 1.261 "
"   16 HAZİRAN 2020  "," 2.721.003 "," 181.298 "," 4.842 ","  ","  "," 153.379 ","  "," 1.467 "," 46.800 "," 17 "," 1.015 "
"   15 HAZİRAN 2020  "," 2.674.203 "," 179.831 "," 4.825 ","  ","  "," 152.364 ","  "," 1.592 "," 42.032 "," 18	 "," 947 "
"   14 HAZİRAN 2020  "," 2.632.171 "," 178.239 "," 4.807 ","  ","  "," 151.417 ","  "," 1.562 "," 45.176 "," 15 "," 1.330 "
"   13 HAZİRAN 2020  "," 2.586.995 "," 176.677 "," 4.792 ","  ","  "," 150.087 ","  "," 1.459 "," 45.092 "," 14 "," 985 "
"   12 HAZİRAN 2020  "," 2.541.903 "," 175.218 "," 4.778 ","  ","  "," 149.102 ","  "," 1.195 "," 41.013 "," 15 "," 1.242 "
"   11 HAZİRAN 2020  "," 2.500.890 "," 174.023 "," 4.763 ","  ","  "," 147.860 ","  "," 987 "," 49.190 "," 17 "," 1.021 "
"   10 HAZİRAN 2020  "," 2.451.700 "," 173.036 "," 4.746 ","  ","  "," 146.839 ","  "," 922 "," 36.521 "," 17 "," 2.241 "
"   9 HAZİRAN 2020  "," 2.415.179 "," 172.114 "," 4.729 ","  ","  "," 144.598 ","  "," 993 "," 37.225 "," 18 "," 3.218 "
"   8 HAZİRAN 2020  "," 2.377.954 "," 171.121 "," 4.711 ","  ","  "," 141.380 ","  "," 989 "," 39.361 "," 19 "," 3.411 "
"   7 HAZİRAN 2020  "," 2.338.593 "," 170.132 "," 4.692 ","  ","  "," 137.969 ","  "," 914 "," 35.335 "," 23 "," 2.647 "
"   6 HAZİRAN 2020  "," 2.303.258 "," 169.218 "," 4.669 ","  ","  "," 135.322 ","  "," 878 "," 35.846 "," 21 "," 1.922 "
"   5 HAZİRAN 2020  "," 2.267.412 "," 168.340 "," 4.648 ","  ","  "," 133.400 ","  "," 930 "," 57.829 "," 18 "," 1.622 "
"   4 HAZİRAN 2020  "," 2.209.583 "," 167.410 "," 4.630 ","  ","  "," 131.778 ","  "," 988 "," 54.234 "," 21 "," 926 "
"   3 HAZİRAN 2020  "," 2.155.349 "," 166.422 "," 4.609 ","  ","  "," 130.852 ","  "," 867 "," 52.305 "," 24 "," 931 "
"   2 HAZİRAN 2020  "," 2.103.044 "," 165.555 "," 4.585 ","  ","  "," 129.921 ","  "," 786 "," 32.325 "," 22 "," 974 "
"   1 HAZİRAN 2020  "," 2.070.719 "," 164.769 "," 4.563 ","  ","  "," 128.947 ","  "," 827 "," 31.525 "," 23 "," 974 "
"   31 MAYIS 2020  "," 2.039.194 "," 163.942 "," 4540 ","  ","  "," 127.973 ","  "," 839 "," 35.600 "," 25 "," 989 "
"   30 MAYIS 2020  "," 2.003.594 "," 163.103 "," 4515 ","  ","  "," 126.984 ","  "," 983 "," 39.230 "," 26 "," 1.021 "
"   29 MAYIS 2020  "," 1.964.364 "," 162.120 "," 4.489 ","  ","  "," 125.963 ","  "," 1.141 "," 36.155 "," 28 "," 1.594 "
"   28 MAYIS 2020  "," 1.928.209 "," 160.979 "," 4.461 ","  ","  "," 124.369 ","  "," 1.182 "," 33.559 "," 30 "," 1.576 "
"   27 MAYIS 2020  "," 1.894.650 "," 159.797 "," 4.431 ","  ","  "," 122.793 ","  "," 1.035 "," 21.043 "," 34 "," 1.286 "
"   26 MAYIS 2020  "," 1.873.607 "," 158.762 "," 4.397 ","  ","  "," 121.507 ","  "," 948 "," 19.853 "," 28 "," 1.492 "
"   25 MAYIS 2020  "," 1.853.754 "," 157.814 "," 4.369 ","  ","  "," 120.015 ","  "," 987 "," 21.492 "," 29 "," 1.321 "
"   24 MAYIS 2020  "," 1.832.262 "," 156.827 "," 4.340 ","  ","  "," 118.694 ","  "," 1.141 "," 24.589 "," 32 "," 1.092 "
"   23 MAYIS 2020  "," 1.807.673 "," 155.686 "," 4.308 ","  ","  "," 117.602 ","  "," 1.186 "," 40.178 "," 32 "," 1.491 "
"   22 MAYIS 2020  "," 1.767.495 "," 154.500 "," 4.276 ","  ","  "," 116.111 ","  "," 952 "," 37.507 "," 27 "," 1.121 "
"   21 MAYIS 2020  "," 1.729.988 "," 153.548 "," 4.249 ","  ","  "," 114.990 ","  "," 961 "," 33.633 "," 27 "," 1.003 "
"   20 MAYIS 2020  "," 1.696.355 "," 152.587 "," 4.222 ","  ","  "," 113.987 ","  "," 972 "," 20.838 "," 23 "," 1.092 "
"   19 MAYIS 2020  "," 1.675.517 "," 151.615 "," 4.199 ","  ","  "," 112.895 ","  "," 1.022 "," 25.382 "," 28 "," 1.318 "
"   18 MAYIS 2020  "," 1.650.135 "," 150.593 "," 4.171 ","  ","  "," 111.577 ","  "," 1.158 "," 25.141 "," 31 "," 1.615 "
"   17 MAYIS 2020  "," 1.624.994 "," 149.435 "," 4.140 ","  ","  "," 109.962 ","  "," 1.368 "," 35.369 "," 44 "," 1.825 "
"   16 MAYIS 2020  "," 1.589.625 "," 148.067 "," 4.096 ","  ","  "," 108.137 ","  "," 1.610 "," 42.236 "," 41 "," 2.004 "
"   15 MAYIS 2020  "," 1.547.389 "," 146.457 "," 4.055 ","  ","  "," 106.133 ","  "," 1.708 "," 38.565 "," 48 "," 2.103 "
"   14 MAYIS 2020  "," 1.508.824 "," 144.749 "," 4.007 ","  ","  "," 104.030 ","  "," 1.635 "," 34.821 "," 55 "," 2.315 "
"   13 MAYIS 2020  "," 1.474.003 "," 143.114 "," 3.952 ","  ","  "," 101.715 ","  "," 1.639 "," 33.332 "," 58 "," 2.826 "
"   12 MAYIS 2020  "," 1.440.671 "," 141.475 "," 3.894 ","  ","  "," 98.889 ","  "," 1.704 "," 37.351 "," 53 "," 3.109 "
"   11 MAYIS 2020  "," 1.403.320 "," 139.771 "," 3.841 ","  ","  "," 95.780 ","  "," 1.114 "," 32.722 "," 55 "," 3.089 "
"   10 MAYIS 2020  "," 1.370.598 "," 138.657 "," 3.786 ","  ","  "," 92.691 ","  "," 1.542 "," 36.187 "," 47 "," 3.211 "
"   9 MAYIS 2020  "," 1.334.411 "," 137.115 "," 3.739 ","  ","  "," 89.480 ","  "," 1.546 "," 35.605 "," 50 "," 3.084 "
"   8 MAYIS 2020  "," 1.298.806 "," 135.569 "," 3.689 ","  ","  "," 86.396 ","  "," 1.848 "," 33.687 "," 48 "," 3.412 "
"   7 MAYIS 2020  "," 1.265.119 "," 133.721 "," 3.641 ","  ","  "," 82.984 ","  "," 1.977 "," 30.395 "," 57 "," 4.782 "
"   6 MAYIS 2020  "," 1.234.724 "," 131.744 "," 3.584 ","  ","  "," 78.202 ","  "," 2.253 "," 30.303 "," 64 "," 4.917 "
"   5 MAYIS 2020  "," 1.204.421 "," 129.491 "," 3.520 ","  ","  "," 73.285 ","  "," 1.832 "," 33.283 "," 59 "," 5.119 "
"   4 MAYIS 2020  "," 1.171.138 "," 127.659 "," 3.461 ","  ","  "," 68.166 ","  "," 1.614 "," 35.771 "," 64 "," 5.015 "
"   3 MAYIS 2020  "," 1.135.367 "," 126.045 "," 3.397 ","  ","  "," 63.151 ","  "," 1.670 "," 24.001 "," 61 "," 4.892 "
"   2 MAYIS 2020  "," 1.111.366 "," 124.375 "," 3.336 ","  ","  "," 58.259 ","  "," 1.983 "," 36.318 "," 78 "," 4.451 "
"   1 MAYIS 2020  "," 1.075.048 "," 122.392 "," 3.258 ","  ","  "," 53.808 ","  "," 2.188 "," 41.431 "," 84 "," 4.922 "
"   30 NİSAN 2020  "," 1.033.617 "," 120.204 "," 3.174 ","  ","  "," 48.886 ","  "," 2.615 "," 42.004 "," 93 "," 4.846 "
"   29 NİSAN 2020  "," 991.613 "," 117.589 "," 3.081 ","  ","  "," 44.040 ","  "," 2.936 "," 43.498 "," 89 "," 5.231 "
"   28 NİSAN 2020  "," 948.115 "," 114.653 "," 2.992 ","  ","  "," 38.809 ","  "," 2.392 "," 29.230 "," 92 "," 5.018 "
"   27 NİSAN 2020  "," 918.885 "," 112.261 "," 2.900 ","  ","  "," 33.791 ","  "," 2.131 "," 20.143 "," 95 "," 4.651 "
"   26 NİSAN 2020  "," 898.742 "," 110.130 "," 2.805 ","  ","  "," 29.140 ","  "," 2.357 "," 30.177 "," 99 "," 3.558 "
"   25 NİSAN 2020  "," 868.565 "," 107.773 "," 2.706 ","  ","  "," 25.582 ","  "," 2.861 "," 38.308 "," 106 "," 3.845 "
"   24 NİSAN 2020  "," 830.257 "," 104.912 "," 2.600 ","  ","  "," 21.737 ","  "," 3.122 "," 38.351 "," 109 "," 3.246 "
"   23 NİSAN 2020  "," 791.906 "," 101.790 "," 2.491 ","  ","  "," 18.491 ","  "," 3.116 "," 40.962 "," 115 "," 2.014 "
"   22 NİSAN 2020  "," 750.944 "," 98.674 "," 2.376 ","  ","  "," 16.477 ","  "," 3.083 "," 37.535 "," 117 "," 1.559 "
"   21 NİSAN 2020  "," 713.409 "," 95.591 "," 2.259 ","  ","  "," 14.918 ","  "," 4.611 "," 39.429 "," 119 "," 1.488 "
"   20 NİSAN 2020  "," 673.980 "," 90.980 "," 2.140 ","  ","  "," 13.430 ","  "," 4.674 "," 39.703 "," 123 "," 1.454 "
"   19 NİSAN 2020  "," 634.277 "," 86.306 "," 2.017 ","  ","  "," 11.976 ","  "," 3.977 "," 35.344 "," 127 "," 1.523 "
"   18 NİSAN 2020  "," 598.933 "," 82.329 "," 1.890 ","  ","  "," 10.453 ","  "," 3.783 "," 40.520 "," 121 "," 1.822 "
"   17 NİSAN 2020  "," 558.413 "," 78.546 "," 1.769 ","  ","  "," 8.631 ","  "," 4.353 "," 40.270 "," 126 "," 1.542 "
"   16 NİSAN 2020  "," 518.143 "," 74.193 "," 1.643 ","  ","  "," 7.089 ","  "," 4.801 "," 40.427 "," 125 "," 1.415 "
"   15 NİSAN 2020  "," 477.716 "," 69.392 "," 1.518 ","  ","  "," 5.674 ","  "," 4.281 "," 34.090 "," 115 "," 875 "
"   14 NİSAN 2020  "," 443.626 "," 65.111 "," 1.403 ","  ","  "," 4.799 ","  "," 4.062 "," 33.070 "," 107 "," 842 "
"   13 NİSAN 2020  "," 410.556 "," 61.049 "," 1.296 ","  ","  "," 3.957 ","  "," 4.093 "," 34.456 "," 98 "," 511 "
"   12 NİSAN 2020  "," 376.100 "," 56.956 "," 1.198 ","  ","  "," 3.446 ","  "," 4.789 "," 35.720 "," 97 "," 481 "
"   11 NİSAN 2020  "," 340.380 "," 52.167 "," 1.101 ","  ","  "," 2.965 ","  "," 5.138 "," 33.170 "," 95 "," 542 "
"   10 NİSAN 2020  "," 307.210 "," 47.029 "," 1.006 ","  ","  "," 2.423 ","  "," 4.747 "," 30.864 "," 98 "," 281 "
"   9 NİSAN 2020  "," 276.346 "," 42.282 "," 908 ","  ","  "," 2.142 ","  "," 4.056 "," 28.578 "," 96 "," 296 "
"   8 NİSAN 2020  "," 247.768 "," 38.226 "," 812 ","  ","  "," 1.846 ","  "," 4.117 "," 24.900 "," 87 "," 264 "
"   7 NİSAN 2020  "," 222.868 "," 34.109 "," 725 ","  ","  "," 1.582 ","  "," 3.892 "," 20.023 "," 76 "," 256 "
"   6 NİSAN 2020  "," 202.845 "," 30.217 "," 649 ","  ","  "," 1.326 ","  "," 3.148 "," 21.400 "," 75 "," 284 "
"   5 NİSAN 2020  "," 181.445 "," 27.069 "," 574 ","  ","  "," 1.042 ","  "," 3.135 "," 20.065 "," 73 "," 256 "
"   4 NİSAN 2020  "," 161.380 "," 23.934 "," 501 ","  ","  "," 786 ","  "," 3.013 "," 19.664 "," 76 "," 302 "
"   3 NİSAN 2020  "," 141.716 "," 20.921 "," 425 ","  ","  "," 484 ","  "," 2.786 "," 16.160 "," 69 ","  "
"   2 NİSAN 2020  "," 125.556 "," 18.135 "," 356 ","  ","  "," 415 ","  "," 2.456 "," 18.757 "," 79 ","  "
"   1 NİSAN 2020  "," 106.799 "," 15.679 "," 277 ","  ","  "," 333 ","  "," 2.148 "," 14.396 "," 63 ","  "
"   31 MART 2020  "," 92.403 "," 13.531 "," 214 ","  ","  "," 243 ","  "," 2.704 "," 15.422 "," 46 ","  "
"   30 MART 2020  "," 76.981 "," 10.827 "," 168 ","  ","  "," 162 ","  "," 1.610 "," 11.535 "," 37 ","  "
"   29 MART 2020  "," 65.446 "," 9.217 "," 131 ","  ","  "," 105 ","  "," 1.815 "," 9.982 "," 23 ","  "
"   28 MART 2020  "," 55.464 "," 7.402 "," 108 ","  ","  "," 70 ","  "," 1.704 "," 7.641 "," 16 ","  "
"   27 MART 2020  "," 47.823 "," 5.698 "," 92 ","  ","  "," 42 ","  "," 2.069 "," 7.533 "," 17 ","  "
"   26 MART 2020  ","  "," 3629 "," 75 ","  ","  ","  ","  ","  ","  ","  ","  "
"   25 MART 2020  ","  "," 2433 "," 59 ","  ","  ","  ","  ","  ","  ","  ","  "
"   24 MART 2020  ","  "," 1872 "," 44 ","  ","  ","  ","  ","  ","  ","  ","  "
"   23 MART 2020  ","  "," 1529 "," 37 ","  ","  ","  ","  ","  ","  ","  ","  "
"   22 MART 2020  ","  "," 1236 "," 30 ","  ","  ","  ","  ","  ","  ","  ","  "
"   21 MART 2020  ","  "," 947 "," 21 ","  ","  ","  ","  ","  ","  ","  ","  "
"   20 MART 2020  ","  "," 670 "," 9 ","  ","  ","  ","  ","  ","  ","  ","  "
"   19 MART 2020  ","  "," 359 "," 4 ","  ","  ","  ","  ","  ","  ","  ","  "
"   18 MART 2020  ","  "," 191 "," 2 ","  ","  ","  ","  ","  ","  ","  ","  "
"   17 MART 2020  ","  "," 98 "," 1 ","  ","  ","  ","  ","  ","  ","  ","  "
"   16 MART 2020  ","  "," 47 ","  ","  ","  ","  ","  ","  ","  ","  ","  "
"   15 MART 2020  ","  "," 18 ","  ","  ","  ","  ","  ","  ","  ","  ","  "
"   14 MART 2020  ","  "," 6 ","  ","  ","  ","  ","  ","  ","  ","  ","  "
"   13 MART 2020  ","  "," 5 ","  ","  ","  ","  ","  ","  ","  ","  ","  "
"   12 MART 2020  ","  "," 1 ","  ","  ","  ","  ","  ","  ","  ","  ","  "
"   11 MART 2020  ","  "," 1 ","  ","  ","  ","  ","  ","  ","  ","  ","  "
